id,water,uv,area,fertilizer_usage,pesticides,region,categories,yield
169,5.615,65.281,3.23,0,8.969,0,"b,a,c",7.977
476,7.044,73.319,9.081,0,7.197,0,"c,a,d",23.009
152,5.607,60.038,2.864,2,7.424,0,"d,a",23.019
293,9.346,64.719,2.797,2,1.256,0,d,28.066
10,7.969,,5.407,1,0.274,0,"c,d",29.14
564,5.92,78.735,5.245,2,1.136,0,b,29.507
941,9.07,71.769,4.13,2,2.075,0,"b,c,a,d",29.673
303,,77.619,6.824,1,1.497,0,"a,c,b,d",30.967
165,11.482,65.269,2.798,4,2.334,0,"c,b",31.438
351,3.819,66.138,6.259,0,0.948,0,"d,b,c",32.389
528,4.259,,4.088,4,0.739,0,"b,c,a",35.516
256,7.097,70.294,4.209,3,1.771,0,"b,c",36.232
33,8.113,85.449,4.057,3,1.679,0,"d,a",36.945
518,6.11,89.28,7.367,1,0.321,0,"c,b,d",37.244
939,6.609,106.31,7.918,0,1.805,0,"c,a",37.575
18,,77.431,6.779,0,4.901,0,"b,d,a",38.773
952,,70.481,6.898,0,5.035,0,"c,a,b,d",39.184
747,8.132,90.752,6.991,0,5.793,0,"d,a,b",39.963
920,4.381,68.231,6.344,0,5.276,0,"b,c,a",40.603
479,4.217,64.047,6.504,1,0.913,0,"b,c,a,d",41.139
338,3.472,,5.474,1,4.316,0,"a,d",43.149
437,6.628,75.638,9.898,0,5.098,0,b,43.647
852,3.912,83.25,6.006,3,1.22,0,"b,a",44.038
521,8.941,65.217,3.326,3,4.75,0,d,44.237
828,7.455,85.167,5.555,3,2.55,0,"b,c,d,a",46.624
281,8.189,88.427,9.366,1,1.052,0,c,49.111
343,5.141,75.315,5.833,1,2.458,0,c,50.17
896,4.805,59.935,7.387,1,5.023,0,"b,c,a",51.395
417,4.01,68.326,8.38,3,0.336,0,"b,d,c",52.876
597,8.711,51.016,6.064,3,0.383,0,"c,a",53.135
562,2.082,,6.546,3,3.302,0,a,57.877
49,0.104,80.462,7.528,1,4.054,0,"c,a",60.104
559,5.359,71.02,7.162,2,3.021,0,"c,a,d,b",60.974
62,10.274,64.257,5.407,2,1.817,0,"c,a",61.041
980,5.646,77.573,7.867,2,2.247,0,b,61.103
754,5.444,86.768,10.805,2,7.006,0,c,61.33
586,5340,91.224,8.429,2,2.933,0,"c,a",67.321
77,2.943,72.097,9.674,2,2.139,0,d,68.136
333,4.968,68.927,9.665,2,2.305,0,"c,b,d,a",68.254
45,,82.678,9.107,2,0.239,0,"d,b",68.502
424,7.043,73.78,8.059,2,3.606,0,"b,a",68.626
433,6.434,,7.105,3,3.756,0,"b,d,c",69.169
121,11.243,72.49,6.011,4,2.578,0,"b,c",69.878
239,8.899,83.001,10.3,2,6.443,0,"a,c,b,d",71.446
771,9.827,63.155,6.066,1,5.25,0,a,71.577
26,6.602,56.941,9.59,2,2.233,0,"c,b",71.716
880,4.17,81.742,9.809,1,3.655,0,a,74.992
264,4.49,68.274,9.971,1,3.975,0,"b,d,c,a",78.114
885,8.482,54.953,7.693,4,1.379,0,"c,b",78.854
226,6.105,64.557,7.052,3,4.844,0,"a,c,d,b",80.942
313,5.35,88.698,10.869,1,3.718,0,"b,a,d",81.477
428,9.434,52.133,9.54,1,3.975,0,"c,b,a",84.861
757,5.884,85.235,8.62,3,3.557,0,"b,c",85.421
859,9.29,73.866,7.882,4,3.085,0,"c,b,d",96.316
963,6.078,79.158,7.628,4,4.41,0,"d,b",96.624
312,,73.67,9.928,4,6.923,0,d,100.215
204,3.677,78.561,11.493,3,4.98,0,c,109.148
13,9.857,64.774,7.718,4,3.6,0,d,109.848
644,8.203,72.973,8.351,5,4.478,0,b,111.401
511,6.576,75.192,4.354,0,1.533,1,b,15.557
764,5.491,92.006,3.878,0,0.767,1,"b,c,d",17.272
506,7.277,94.914,4.759,0,2.983,1,"b,c,d",24.625
205,2.289,77.891,9.704,0,0.034,1,"c,a,b",26.224
308,1.881,,7.268,0,6.628,1,"d,c,b",27.604
650,2.692,69.424,4.042,3,7.256,1,c,27.839
629,5.928,78.282,4.071,0,3.978,1,"b,c",27.857
168,2.005,76.857,5.211,2,7.108,1,a,30.041
826,2.014,75.628,4.474,0,5.948,1,"b,c",30.805
944,4.532,73.021,8.283,1,0.739,1,b,30.988
684,5.59,73.905,6.453,1,0.986,1,"b,d",32.573
783,7.235,84.569,6.325,3,8.992,1,"c,b,d",32.748
128,3.284,94.273,8.42,1,0.901,1,"d,b,c",33.206
627,10.647,74.201,4.116,3,0.249,1,"d,a,c,b",34.399
903,7.379,72.252,6.788,2,0.627,1,c,35.202
669,8.339,91.04,6.047,2,0.951,1,b,35.957
743,3.634,66.373,9.477,0,6.338,1,"a,c",37.128
163,,64.624,3.077,3,2.273,1,"c,a",38.078
488,4.328,82.994,8.301,1,1.659,1,"c,a,d",38.58
329,2.809,70.072,7.388,1,1.194,1,c,38.599
212,7.031,68.481,6.07,2,1.191,1,"b,a",38.915
863,4.67,65.325,6.819,0,6.593,1,"b,c",39.212
808,8.758,,3.586,3,0.842,1,a,39.678
260,8.154,86.381,7.764,0,4.88,1,"b,d,c",40.454
213,2.009,66.537,8.101,0,3.71,1,"b,c,a",40.465
798,3.303,66.695,8.029,0,6.328,1,c,41.437
725,8.97,60.699,4.736,1,0.593,1,a,41.57
765,3.994,69.151,5.931,1,3.764,1,c,41.946
810,7.719,73.422,7.201,0,3.446,1,d,42.193
947,7.79,68.066,9.254,1,7.353,1,"c,a,d",42.932
876,3.901,75.747,5.6,1,3.969,1,"b,d,c,a",43.3
259,7.461,93.398,4.676,3,3.18,1,"b,c,a",43.32
167,8.278,79.21,8.254,2,8.002,1,"b,c,d",43.322
881,7.14,79.603,8.028,0,2.56,1,a,44.138
656,5.331,66.502,5.859,2,4.744,1,c,44.992
415,5.464,85.867,5.479,2,3.641,1,"c,b,a",45.01
388,4.534,76.14,8.055,1,6.718,1,"d,a",45.025
297,3.575,60.384,8.735,1,1.142,1,c,45.403
97,2.803,80.21,4.983,4,1.241,1,"b,a,d,c",46.165
141,2.447,,8.039,0,1.964,1,c,46.293
897,7.287,65.089,7.748,0,1.949,1,"b,c,d",47.079
545,,66.94,10.018,2,8.269,1,"b,d,a",47.698
672,4.488,83.678,8.211,1,2.302,1,"d,b",47.713
628,8.569,75.087,3.869,5,5.678,1,"d,c,a",47.962
190,1.474,54.196,5.473,3,2.722,1,"b,c,a,d",48.216
280,0.537,72.863,10.349,1,0.824,1,"c,d,a",48.787
844,5.277,,5.618,3,2.761,1,b,49.582
584,5.748,77.293,7.908,0,3.208,1,b,49.857
923,12.365,86.836,8.337,2,8.538,1,d,50.201
583,7.696,90.703,8.903,1,1.941,1,"b,c",50.247
324,9.013,59.391,3.804,4,2.373,1,"a,b",50.729
146,10.074,62.921,4.007,3,2.85,1,a,50.982
406,6.483,67.668,6.889,0,3.469,1,"a,c,b,d",51.024
423,4.041,71.244,6.388,1,3.778,1,b,51.494
508,6.07,64.494,6.947,0,4.551,1,"c,b,d,a",51.818
189,6.923,65.294,6.301,4,0.44,1,"d,c",52.202
403,9.108,,4.986,2,1.503,1,a,52.428
336,0.842,80.154,6.619,1,3.406,1,b,52.916
285,12.677,59.283,6.493,1,2.098,1,"d,c,b",53.931
441,5.651,87.526,8.646,1,5.452,1,"d,b",54.42
350,7.378,77.629,9.309,1,6.153,1,"c,a,b",54.844
76,11.35,64.436,5.117,1,5.473,1,a,54.986
607,10.93,76.108,4.487,5,5.709,1,"d,b,c",55.399
816,5.886,82.397,8.322,1,5.502,1,b,56.456
643,2.756,70.307,6.495,2,4.137,1,"b,a,c",56.732
707,9.804,83.158,6.693,1,2.566,1,"c,a",57.303
46,11.531,80.119,5.937,4,0.477,1,"d,b,a,c",57.662
364,,90.728,9.73,2,6.689,1,"b,a,c",57.755
8,9.857,61.683,5.24,1,5.09,1,a,57.811
195,7.228,73.033,6.907,1,4.603,1,"a,c,d",57.935
400,9.753,,5.449,4,1.945,1,"a,d,b",59.169
846,11.305,91.337,8.797,3,9.532,1,d,59.186
786,4.972,97.61,8.407,0,4.801,1,"a,d,b",59.654
729,3.104,64.944,7.614,2,2.381,1,"d,a,c",59.673
379,8.157,91.237,6.219,4,6.283,1,"b,d,c",59.741
505,11.272,82.494,6.207,3,6.346,1,"a,b,c",60.075
322,5.091,71.869,7.333,3,6.69,1,"c,a,d",60.631
93,2.165,75.755,6.857,0,3.863,1,"b,d",61.07
151,7.667,67.442,6.859,3,1.76,1,"d,c,a",61.326
909,8.597,69.929,8.615,1,4.482,1,"b,d,c",62.41
927,5.312,65.494,5.537,3,4.028,1,a,62.844
334,13.468,78.352,5.085,4,3.596,1,"a,b,c",63.186
206,4.89,82.063,8.025,1,4.616,1,c,63.378
2,9.731,78.506,7.189,1,2.455,1,d,63.391
877,6.701,66.803,8.3,1,2.043,1,"b,d,a",64.009
900,5.01,59.366,8.267,0,2.889,1,"c,a",64.58
537,6.731,93.95,5.869,3,3.329,1,d,64.845
523,5.941,65.518,5.343,5,3.231,1,"c,b,d",64.947
529,6.851,73.188,9.643,2,2.302,1,b,65.538
657,3.826,,9.907,2,6.607,1,"d,b",66.036
99,10.493,78.034,6.068,3,2.982,1,b,66.599
986,6.917,57.437,9.196,0,3.705,1,d,67.819
86,,98.031,8.177,3,0.585,1,b,68.304
634,9.911,57.726,6.506,4,1.475,1,d,68.685
708,5.265,78.051,8.313,1,3.782,1,"b,c,a,d",68.985
527,6.858,63.495,9.478,3,1.499,1,"c,b",69.4
131,9.406,72.626,7.076,4,1.038,1,a,70.959
444,8.437,76.461,6.741,4,6.077,1,"d,c,b",71.185
375,8.268,67.417,6.586,4,5.112,1,"c,b,d,a",72.368
287,9.208,66.085,5.994,2,3.215,1,a,72.525
89,4.064,81.622,7.495,3,3.344,1,"c,b",72.568
377,5.981,76.375,9.254,1,4.249,1,"c,a,d",73.22
840,2.961,79.698,10.628,1,3.126,1,"c,a",73.44
475,11.465,77.541,6.846,3,5.27,1,"b,c",73.74
272,7.991,74.773,6.829,5,0.969,1,"c,b,d",74.085
96,12.114,83.764,7.389,5,0.343,1,"d,b,c,a",74.554
193,7.968,70.425,6.518,5,1.715,1,"d,b,c",74.873
815,5.089,58.062,10.496,0,2.957,1,"c,d",74.895
494,5.287,85.363,8.302,3,4.81,1,c,75.17
961,7.514,76.65,5.88,4,4.04,1,d,75.178
713,,79.849,9.349,3,2.464,1,c,76.062
566,6.18,64.633,7.535,3,3.907,1,"c,a",76.686
453,5.015,94.309,12.077,0,5.119,1,c,77.513
603,2.669,94.873,10.003,2,2.9,1,"c,a,d",79.743
633,5.177,88.735,11.153,2,2.675,1,"b,c,d,a",79.968
998,9.158,79.257,9.011,2,5.968,1,"d,c,b,a",80.399
835,8.9,71.592,8.912,1,3.393,1,"a,c,b",81.532
534,7.622,73.944,8.813,2,2.3,1,"d,a,b",81.939
443,11.466,,7.093,4,3.628,1,c,81.984
115,7.6,73.851,6.85,4,3.106,1,"a,c,b,d",82.601
217,7.031,74.157,10.593,2,1.725,1,"d,a,b,c",82.919
447,9.838,64.719,6.553,4,1.949,1,d,84.289
867,4.871,65.021,7.123,4,3.873,1,"b,a,c,d",85.681
594,15.214,66.904,8.438,3,1.91,1,"a,b,c,d",86.742
882,11.258,87.952,8.702,3,2.227,1,"c,b",88.469
958,10.685,75.248,6.52,5,3.672,1,d,88.759
791,3.221,62.36,9.601,3,3.347,1,"c,b",90.212
383,6.547,90.496,10.5,3,2.604,1,"c,a",90.571
230,7.864,71.261,6.951,5,5.128,1,a,90.602
69,6.525,95.81,7.96,4,3.043,1,"a,b,c",92.918
525,10.836,88.44,8.894,3,5.287,1,"d,b",94.181
964,6.667,63.774,10.14,2,2.448,1,"a,d,b",95.717
315,6.372,74.139,8.144,4,2.854,1,"a,c,b",97.364
814,,70.418,10.009,4,7.306,1,"b,a,c,d",99.13
665,10.267,61.537,7.954,3,2.935,1,d,103.774
386,8.714,81.117,9.656,5,0.94,1,"d,b,a",104.641
696,1.339,79.693,11.448,3,2.879,1,d,106.153
536,9.403,68.497,8.624,2,3.323,1,d,108.664
558,10.287,75.498,10.322,3,5.515,1,"d,b,c,a",108.961
133,9.645,81.796,10.121,2,4.055,1,"d,a",111.371
484,6.436,63.881,8.915,5,4.505,1,"d,a,b",111.891
294,9.194,93.316,10.684,5,6.794,1,"a,c,b",117.117
916,7.514,99.142,10.335,4,3.345,1,"b,d",129.108
185,9.154,69.117,0.263,4,2.684,2,"d,b,a",2.843
588,4.86,70.15,0.653,3,6.092,2,"d,a,c",5.998
50,6.262,,6.572,0,7.707,2,"c,d",11.371
984,3.966,78.208,7.915,0,0.16,2,"b,a",11.55
153,5.362,68.859,1.716,1,2.417,2,"b,c,a,d",11.726
393,8.194,59.687,1.262,2,4.361,2,"b,c,a",12.091
907,2.903,58.439,5.837,0,0.944,2,c,14.259
499,5.051,60.051,6.351,0,0.239,2,c,14.657
22,,63.116,1.87,4,0.071,2,"d,c",14.693
307,5.613,67.685,1.497,3,3.712,2,"c,b,d",15.607
317,6.225,71.647,1.897,2,2.903,2,"c,d",16.298
3,10.995,69.248,1.738,3,0.603,2,a,17.984
921,7.634,89.935,7.092,0,0.117,2,b,18.405
871,3.473,69.914,1.788,4,5.588,2,"b,c,a",18.622
847,5.804,78.938,5.777,0,1.622,2,b,19.131
215,5.436,70.144,6.521,0,0.667,2,"c,d,b",19.73
609,8.067,71.206,3.523,1,0.529,2,"c,b,a",20.605
236,6.351,59.387,5.438,1,7.979,2,"a,c,b,d",21.142
746,6.432,70.144,5.895,0,0.679,2,"c,b,d",21.328
420,3.242,64.165,5.716,1,0.462,2,"c,a",22.273
766,4.002,58.569,3.213,2,1.871,2,d,22.288
775,10.859,64.828,2.187,2,1.378,2,"a,d",22.624
793,6.27,76.909,6.907,0,5.705,2,"d,b,c",23.74
561,1.182,57.343,6.084,1,7.676,2,c,25.461
397,5.889,88.109,8.554,0,1.121,2,"d,a,c,b",25.559
716,5.752,76.791,2.391,3,3.963,2,"c,d,a",26.004
480,3.988,77.82,6.591,0,0.94,2,c,26.53
800,9.192,72.77,4.22,2,1.391,2,"c,a",26.759
724,6.001,78.343,4.725,1,1.844,2,"b,a",27.339
991,7.83,84.647,2.155,4,4.163,2,"a,c,b",27.507
270,4.74,76.784,3.302,1,3.456,2,"a,c",27.918
830,,,9.719,0,1.584,2,"a,c",27.918
127,5.386,,5.481,1,6.32,2,"b,c,a",28.021
632,9.679,,2.105,5,3.659,2,"c,b,d,a",28.398
399,8.231,75.672,4.806,0,3.211,2,"b,d,c",28.673
613,7.497,92.81,7.683,1,0.087,2,"b,d,c,a",28.812
911,3.923,68.449,5.881,2,7.677,2,"d,a,c",29.194
996,6.931,75.326,5.675,0,1.355,2,"d,b,a",29.261
367,2.131,84.936,10.403,0,0.328,2,b,29.671
493,3.885,90.055,4.325,1,3.18,2,"c,b,d,a",29.739
64,3.025,82.544,4.68,1,2.118,2,"b,c,a,d",29.772
248,0.23,78.879,6.285,0,7.096,2,"b,c,d,a",30.174
171,11.412,74.612,2.932,3,2.377,2,"c,b,a,d",30.28
261,5.198,69.783,5.681,1,5.92,2,b,30.288
418,6.83,69.76,7.207,0,6.68,2,"b,c",30.602
856,3.11,70.787,6.504,1,1.2,2,"d,b",31.893
848,5.552,87.215,6.102,0,2.729,2,c,32.032
780,6.538,77.068,10.015,0,7.951,2,c,33.027
631,1.676,76.901,4.318,2,5.01,2,c,33.036
769,4.141,66.363,7.338,0,2.712,2,"c,b,d,a",33.461
359,6.883,80.304,7.111,0,3.49,2,c,33.675
592,1.834,84.036,8.667,1,0.387,2,"b,d,c",33.741
901,,,8.333,0,0.317,2,"d,a",33.778
630,9.132,81.425,8.379,0,0.257,2,"c,b,d",34.137
220,8.067,77.034,11.013,0,6.807,2,c,34.412
678,4.945,70.92,6.971,1,6.386,2,"c,b",34.591
65,2.36,72.298,4.581,3,1.264,2,"c,b,d",34.786
625,6.642,78.919,6.789,1,7.276,2,"a,d,b",34.81
886,13.529,86.763,3.507,1,3.844,2,"a,c",35.012
177,4.51,85.12,6.283,0,1.57,2,"b,c,d",35.52
348,2.74,75.276,6.536,0,7.967,2,"c,d,b",35.551
965,5.655,66.375,4.168,1,5.167,2,c,35.721
831,11.601,68.82,4.001,1,4.277,2,"c,a,b",35.956
887,8.382,88.752,4.473,1,5.355,2,"c,b",36.326
342,5.286,77.891,5.971,2,1.261,2,"b,d",36.398
456,9.06,67.911,3.908,3,1.525,2,"b,d",36.917
585,5.364,55.059,6.727,1,1.666,2,"c,b,d",36.982
219,4.506,74.019,4.618,4,0.35,2,"b,a,c,d",37.232
28,,65.942,3.108,3,5.971,2,a,38.622
692,10.216,87.235,3.037,4,3.759,2,"d,b,a,c",38.759
937,5.622,64.888,7.502,2,0.267,2,"a,d",38.821
570,7.162,84.523,5.114,2,0.678,2,"b,c,a",39.16
108,4.071,72.066,6.478,3,7.637,2,c,39.714
543,7.002,77.214,7.058,0,2.79,2,"b,d,a",39.771
538,2.925,60.833,8.633,1,0.221,2,d,39.785
841,4.353,76.822,5.948,1,2.775,2,"c,b",39.806
381,6.735,99.227,8.105,1,1.434,2,d,39.838
154,2.853,95.767,6.612,0,2.835,2,"c,a",40.011
850,6.279,81.545,5.95,0,4.681,2,"b,c",40.012
914,5.653,,5.789,3,0.759,2,c,40.083
573,4.418,86.677,7.951,2,0.368,2,"b,c",40.141
919,,70.471,7.255,2,0.287,2,d,40.23
35,3.107,78.328,5.015,4,8.22,2,"c,b",40.403
565,12.203,65.716,5.399,1,0.187,2,c,40.656
960,10.346,66.05,4.61,2,7.569,2,c,40.778
704,0.76,57.93,6.313,0,4.822,2,"b,c,a,d",40.826
796,3.67,68.932,5.721,1,4.837,2,c,40.947
411,2.118,94.239,6.856,2,1.174,2,c,41.243
519,4.154,77.532,10.908,1,7.715,2,"b,c",41.422
619,5.264,78.729,5.98,0,3.213,2,c,41.611
231,3.93,68.896,7.691,2,7.36,2,"b,d,a",41.693
805,5.678,67.31,5.239,4,0.091,2,"b,c",41.729
658,4.624,78.676,11.007,1,0.234,2,"b,c,d",42.252
39,3.757,73.536,4.738,3,2.068,2,"c,a,b",42.323
839,9.896,62.084,3.783,3,3.269,2,"a,c,b",42.368
37,3.261,72.628,4.809,4,7.009,2,"b,d,a",42.565
967,9.665,83.702,5.512,3,8.398,2,"a,c,b,d",42.745
298,2.161,70.267,8.619,2,8.254,2,"b,c,a",42.821
360,,74.515,6.227,1,4.528,2,"c,a,d,b",42.906
719,8.126,,5.101,3,0.429,2,"c,b",43.121
268,12.458,70.46,5.928,2,7.746,2,c,43.134
6,10.679,79.767,6.311,1,0.458,2,a,43.157
502,10.681,45.264,3.476,4,4.41,2,"a,c,d",43.202
749,2.96,63.967,9.209,0,4.877,2,"b,c,a",43.287
432,4.894,81.589,7.362,1,1.85,2,"d,b",43.299
209,5.459,74.754,6.955,1,5.636,2,c,43.394
288,3.594,74.763,6.618,2,1.736,2,a,43.988
513,6.303,91.622,7.047,1,1.358,2,"b,d,a",44.016
674,1.54,62.264,7.925,0,3.564,2,"b,d,a,c",44.112
933,6.703,84.339,9.504,0,5.221,2,d,44.235
906,5.812,76.878,5.567,2,2.921,2,"d,c,a",44.262
487,6.846,71.249,7.643,0,4.537,2,"d,c,b",44.347
263,6.714,85.356,9.628,0,3.097,2,"a,d",44.4
940,6.076,101.857,7.168,3,0.116,2,"c,a,b",44.429
993,2.844,79.646,8.309,2,1.085,2,"d,a,b",44.809
604,7.643,67.181,3.993,2,3.919,2,"d,b",45.206
232,5.868,87.286,5.861,3,1.57,2,"d,a,b",45.247
888,3.349,74.586,6.415,0,6.73,2,b,45.314
136,4.019,65.212,9.796,0,4.933,2,"b,d,a",45.585
938,1.531,86.133,6.276,1,3.269,2,"b,c",45.651
842,3.983,77.509,4.69,3,2.203,2,"c,b",45.96
413,9.717,,3.784,2,2.752,2,c,46.109
702,0.837,84.711,5.615,3,5.411,2,b,46.146
452,8.376,70.244,8.503,2,0.582,2,"b,d",46.469
512,4.832,69.357,5.257,3,2.813,2,"c,b,d",46.507
715,7.203,57.88,10.52,0,8.256,2,"b,c",46.674
474,7.645,82.447,10.73,0,6.601,2,"b,d",46.867
140,8.882,77.505,3.946,4,2.754,2,"d,b",46.925
309,,60.744,7.534,1,2.393,2,a,47.164
825,12.802,88.061,4.623,5,0.427,2,"b,c",47.218
824,9.203,57.391,4.117,5,5.598,2,"c,a,d,b",47.261
460,7.997,62.071,5.502,4,0.744,2,"d,a,b",47.541
166,2.112,68.282,6.68,2,2.09,2,"c,b",47.695
654,0.782,69.273,8.359,1,5.813,2,"d,b",48.082
234,5.01,86.127,7.698,0,6.974,2,"c,a,b",48.511
105,6.13,82.559,10.787,1,1.106,2,"c,b,d,a",48.638
354,4.573,71.038,6.393,1,4.449,2,"b,c",48.684
818,5.264,84.914,8.351,1,2.213,2,"c,a,b,d",49.153
981,3.507,74.09,6.572,0,3.732,2,c,49.189
698,4.152,87.314,10.277,1,7.019,2,a,49.595
544,4.145,84.218,5.272,4,1.756,2,"c,b,d",50.052
486,11.267,88.425,5.995,1,2.863,2,"d,b,c,a",50.531
711,5.451,73.319,9.291,0,2.012,2,d,50.539
73,9.26,76.631,4.038,5,5.61,2,"d,b",50.554
735,5.771,81.979,4.395,4,3.863,2,"d,b,c,a",50.643
88,5.371,50.072,7.665,1,2.272,2,"d,c",50.892
593,8.701,63.37,5.281,2,1.189,2,d,51.147
890,5.95,74.222,4.278,4,4.612,2,"a,c,b",51.238
58,5.927,66.991,8.628,1,1.845,2,"c,d,b",51.585
221,6.176,90.336,7.853,2,7.028,2,"b,c",51.639
175,7.355,93.268,11.722,0,0.235,2,b,51.758
188,10.732,,7.242,1,7.048,2,"d,b",51.86
229,7.085,86.275,9.208,0,4.279,2,"b,c,a",52.057
855,2.112,69.586,7.107,3,5.912,2,c,52.502
651,3.612,65.987,6.892,0,2.927,2,c,52.624
758,11.267,59.765,4.282,3,2.65,2,"d,c",52.869
442,1.598,71.792,8.305,1,6.187,2,c,52.913
353,4.764,64.363,8.835,3,7.871,2,b,53.273
979,10.073,63.706,5.311,3,0.454,2,c,53.373
31,6.61,62.158,7.037,3,1.539,2,"d,c,b,a",53.509
612,2.208,53.329,6.19,3,5.276,2,"c,b,d",53.51
884,6.04,71.725,10.049,1,6.93,2,b,53.753
662,6.66,91.051,5.165,2,4.513,2,"d,b,a,c",54.193
282,7.14,67.037,5.913,3,1.69,2,c,54.286
727,,69.941,5.173,3,5.458,2,"b,d,c,a",54.453
243,,82.815,8.037,1,5.181,2,"b,d",54.609
942,10.954,77.244,6.229,1,3.222,2,"c,a",54.715
445,6.852,83.665,7.373,1,7.09,2,"d,b,a",54.876
227,5.111,83.749,8.572,0,4.916,2,c,54.893
932,4.294,72.557,5.716,3,2.313,2,"b,c,a,d",54.932
109,9.075,80.496,6.314,2,1.836,2,"d,b",55.399
703,1.613,72.889,7.186,0,3.565,2,"a,d,b",55.694
660,6.435,73.481,9.221,1,3.188,2,c,56.579
440,5.498,87.675,6.54,3,2.815,2,"b,a,d",56.935
617,4.049,87.983,6.944,3,5.777,2,b,57.918
623,5.144,,6.344,3,4.832,2,"b,c,a",57.953
620,9.08,56.646,6.967,2,0.861,2,"b,c,a",58.129
51,7.378,62.963,4.935,5,2.826,2,"a,c",58.183
772,6.939,81.026,8.582,1,3.043,2,a,58.2
436,4.212,78.549,6.197,4,6.584,2,"c,b,d,a",58.239
277,9.145,63.522,5.094,4,2.552,2,"c,a",58.31
811,6.432,71.218,10.513,2,0.715,2,"a,b,c",58.407
552,0.154,73.853,9.182,2,6.61,2,c,58.541
580,4.93,79.754,6.951,1,3.996,2,"a,c,b,d",59.147
373,4.29,76.536,10.523,3,0.117,2,c,59.405
314,5.757,91.983,8.169,1,5.049,2,c,59.407
865,8.835,93.292,7.145,1,5.989,2,"d,c,a",59.83
368,5.582,65.149,8.438,2,2.546,2,b,60.064
883,6.164,74.182,5.275,5,1.264,2,"c,a",60.419
913,3.167,76.784,8.091,1,2.683,2,"d,b,c",60.83
139,4.021,91.596,9.147,1,4.602,2,"a,b",61.08
182,11.403,67.493,6.017,1,6.158,2,a,61.517
978,7.958,80.514,5.746,3,5.476,2,"a,c,b",61.532
184,3.429,70.942,9.029,0,3.414,2,c,61.571
155,5.332,73.585,8.105,3,6.58,2,"a,d,c,b",61.599
596,10.236,77.426,5.087,4,2.783,2,"d,c,b",61.604
778,3.442,71.694,6.563,3,2.133,2,"c,a,b,d",61.703
968,10.71,67.928,4.782,2,4.316,2,a,61.784
640,2.826,68.694,11.758,0,6.318,2,d,62.034
290,10.389,66.499,4.622,4,2.817,2,d,62.191
714,11.178,93.072,5.33,5,1.869,2,d,62.237
405,8.156,62.603,6.307,4,1.765,2,"d,a,c",62.294
905,11.151,64.692,5.763,1,2.38,2,a,62.495
930,,81.266,10.663,0,5.206,2,"c,d,a",62.687
792,9.031,,7.764,2,2.561,2,"c,d,b",63.153
950,9.887,60.344,6.006,3,0.507,2,"a,b",63.444
801,6.077,67.117,9.108,1,3.094,2,c,63.721
283,7.931,82.366,5.005,5,2.7,2,"c,d,a",64.001
736,9.829,65.252,5.401,2,5.467,2,a,64.018
635,5.155,89.933,9.35,0,3.564,2,b,64.134
756,14.217,65.374,7.549,3,0.769,2,c,64.37
347,5.513,65.351,9.49,0,2.543,2,"b,c",64.422
357,9.762,65.737,5.125,3,5.394,2,d,64.428
112,10.11,79.742,5.594,3,4.515,2,"c,b,d",64.496
574,4.854,78.873,10.021,0,4.916,2,d,64.688
164,3.398,77.448,9.679,0,2.576,2,d,64.774
301,2.245,54.644,9.58,0,3.279,2,c,64.776
891,6.106,69.926,7.488,3,5.43,2,"b,a",64.873
795,2.503,70.783,7.308,2,3.849,2,"b,d,a",64.891
853,8.501,63.434,5.634,4,2.484,2,"c,a,d",64.958
836,8.936,88.831,7.833,1,6.567,2,a,65.023
278,10.265,66.906,5.984,2,6.36,2,d,65.116
404,8.487,68.603,6.035,3,5.457,2,b,65.21
962,4.784,62.471,8.627,1,3.334,2,"c,d",65.373
751,12.842,65.594,4.9,4,2.794,2,d,65.867
345,3.015,60.077,9.081,1,4.401,2,"c,a,d,b",65.895
181,2.756,70.658,12.236,0,0.059,2,"b,d",66.051
118,4.486,65.958,9.499,2,1.296,2,c,66.253
237,9.218,66.077,7.889,3,0.076,2,"b,c,d",66.4
974,3.956,81.259,7.294,3,4.562,2,d,66.757
203,5.659,77.429,7.397,3,2.304,2,"d,b,c",67.587
686,9.608,56.045,8.209,2,1.706,2,"d,c",67.907
211,3.85,,10.874,0,4.145,2,c,68.01
966,,90.497,10.149,2,1.976,2,"c,b",68.426
387,7.369,83.28,6.873,3,6.032,2,"b,c,a",68.564
705,4.09,76.999,10.006,3,1.216,2,"c,a",68.654
898,6.344,,8.395,2,3.359,2,"a,b",69.1
957,8.525,89.516,5.836,3,4.521,2,"c,d,a,b",69.155
429,8.576,47.962,6.367,4,6.099,2,"d,a",69.505
788,10.896,62.282,5.547,3,2.903,2,a,70
40,7.598,71.507,6.905,2,3.585,2,"d,a",70.029
917,8.466,67.136,7.204,4,0.713,2,a,70.123
425,10.501,61.344,6.258,1,5.097,2,d,70.473
44,7.155,69.505,5.894,5,4.983,2,"d,c",71.325
246,10.297,65.361,5.64,2,4.359,2,"a,d",71.583
176,10.284,79.466,7.005,4,1.474,2,"c,b,a",72.088
872,7.172,66.99,12.271,0,5.703,2,b,72.428
29,4.854,81.351,8.945,3,1.075,2,"c,d,a",73.003
893,3.463,66.538,7.595,3,3.493,2,"c,a,b",73.179
208,1.827,72.793,10.752,3,1.096,2,"d,b,c,a",73.822
770,3.622,77.011,10.513,0,4.727,2,c,74.108
857,4.216,72.42,10.412,0,3.372,2,"c,b,a",75.061
361,5.073,77.329,8.877,3,2.817,2,d,76.032
250,6.118,67.836,7.833,3,3.951,2,"d,c",76.095
924,10.054,78.101,6.583,3,4.409,2,"c,b,a",76.347
951,6.92,76.768,8.662,3,2.984,2,"a,c",76.415
286,8.442,,7.168,5,0.953,2,"a,d",76.485
849,13.202,86.966,5.852,5,4.86,2,"c,b,a",76.547
997,10.373,78.225,7.378,3,5.459,2,b,76.608
615,7.776,53.224,7.556,3,2.353,2,"a,d,b,c",77.652
162,5.272,77.125,9.742,3,5.601,2,"c,a",77.775
36,12.375,64.614,6.577,3,3.364,2,"d,a,c,b",77.839
560,8.988,79.287,6.652,4,2.874,2,a,78.41
199,,61.039,6.806,2,5.616,2,d,78.449
179,3.043,75.704,10.79,0,4.722,2,c,78.623
134,10.327,82.679,6.939,3,3.326,2,"a,b,c",79.125
122,8.608,68.103,7.912,3,4.161,2,b,79.497
216,7.994,77.469,8.052,3,6.081,2,d,79.611
641,8.911,60.226,5.914,3,4.828,2,c,79.952
688,5.798,60.303,8.254,3,3.71,2,a,80.354
102,2.49,83.507,10.451,1,3.474,2,"c,b,a",80.411
572,4.35,74.179,9.049,3,2.04,2,"b,a",80.867
463,9.51,72.989,8.303,4,1.122,2,"d,b,a",83.798
695,9.22,85.737,7.734,3,2.762,2,"b,c",84.246
466,7.623,71.149,7.594,4,5.63,2,d,84.383
355,9.355,66.235,6.164,4,2.394,2,a,84.764
292,7.377,69.84,7.978,3,4.361,2,d,85.2
414,7.36,,11.437,3,1.451,2,"c,b",85.552
638,9.129,80.865,6.818,4,4.342,2,"b,d",85.848
782,8.599,102.491,10.008,1,3.757,2,"a,c,b,d",85.963
103,7.975,61.577,8.087,3,2.658,2,a,86.589
159,11.314,60.627,6.943,4,3.842,2,"c,d,b,a",86.738
461,2.392,75.588,10.831,1,4.145,2,b,86.776
117,12.588,68.651,7.534,3,3.56,2,"d,c",86.926
242,7.513,77.454,11.039,2,3.145,2,"b,c",87.36
821,6.286,65.808,7.834,4,3.732,2,"c,b",89.362
817,9.86,77.807,7.054,4,4.07,2,"d,a,c",89.388
995,5.457,70.622,8.163,3,4.224,2,c,89.809
107,3.516,83.826,8.897,4,2.311,2,"b,a,c",90.445
936,,67.538,10.195,2,4.05,2,b,90.752
38,8.23,94.747,11.455,2,2.934,2,"b,c",90.759
382,7.427,75.736,10.222,3,0.764,2,"c,b",92.111
642,5.475,73.842,8.726,3,3.641,2,"a,b,c",92.738
578,8.968,80.342,7.568,5,5.373,2,"d,b,c",95.882
912,8.59,58.35,7.987,5,1.985,2,d,95.885
156,10.188,92.868,8.315,3,4.906,2,"c,a,b",96.516
934,9.678,73.246,8.679,3,4.735,2,"a,b,c",96.533
737,11.319,,7.53,2,4.361,2,c,97.228
589,5.462,64.138,8.232,4,2.618,2,"d,c,a",97.993
649,7.434,78.456,9.636,3,3.406,2,"c,b,d",98.125
233,8.19,81.633,7.268,5,4.084,2,"c,b",99.274
267,8.468,76.128,8.921,4,5.991,2,"d,b",99.336
82,8.312,57.226,8.571,5,4.87,2,"a,b",103.413
489,11.369,71.429,8.039,5,2.944,2,"b,c,a",106.065
438,11.667,63.52,9.622,4,2.34,2,"a,b,c",110.11
569,6.883,80.6,9.438,5,5.327,2,"b,a,c,d",110.226
526,6.966,75.102,11.106,4,7.095,2,"d,a",111.481
904,8.085,78.474,12.02,3,6.317,2,"b,c,d",114.195
732,7.97,79.215,10.916,3,2.447,2,"d,b",116.891
173,10.334,69.205,9.588,2,4.447,2,d,119.293
601,8.991,94.327,12.043,4,1.094,2,c,123.898
157,,69.114,12.717,4,1.9,2,"c,a,b",137.596
372,6.3,78.443,11.465,4,4.047,2,"c,b",139.425
144,11.625,80.43,10.086,5,3.794,2,"c,b",140.157
114,4.945,65.747,5.355,0,6.726,3,"b,d",14.227
362,9.295,68.929,2.108,1,3.586,3,d,23.033
191,3.891,69.953,9.264,0,1.45,3,"b,c",23.519
238,5.727,,6.324,0,1.621,3,"c,b,d",25.767
224,6.849,73.201,5.67,1,7.569,3,"d,b",26.347
327,6.999,66.392,6.378,0,2.676,3,c,26.812
501,6.443,63.067,5.134,0,2.809,3,c,29.685
207,8.889,62.933,2.615,1,5.154,3,a,30.533
262,3.294,63.587,4.376,3,0.282,3,"a,c,b,d",31.622
761,4.127,67.246,7.008,0,1.797,3,"c,a,b",32.215
344,9.739,62.867,2.758,4,5.026,3,"a,c,b",32.895
320,0.312,67.7,5.726,1,1.738,3,c,33.178
797,7.124,59.296,5.847,0,2.653,3,c,33.541
491,11.154,65.098,2.415,4,3.379,3,d,34.045
426,8.821,68.588,3.789,3,1.438,3,"c,b,d",35.186
5,2.19,51.727,9.152,0,1.788,3,b,35.488
504,5.777,78.295,5.272,1,2.453,3,"b,d,a",35.544
25,8.684,57.248,10.176,1,0.014,3,"b,a,c",36.008
321,5.52,73.79,8.946,0,0.804,3,d,36.103
812,7.722,76.451,4.144,2,6.256,3,"d,b",36.151
412,2.276,63.322,8.251,0,2.607,3,"c,a,b",38.697
517,0.237,82.551,7.609,1,0.675,3,"c,b",38.776
987,5.196,59.482,10.657,0,6.622,3,"a,c,b",38.853
198,5.455,69.339,6.488,1,5.82,3,"b,a,d",39.492
990,4.447,67.429,7.633,0,3.563,3,"b,a,d",40.012
693,6.285,66.023,6.6,1,2.366,3,"b,c,a",40.457
366,6.375,66.475,4.51,4,7.04,3,"b,d,c",40.845
977,,71.619,7.383,1,6.506,3,d,41.035
870,9.139,67.24,5.06,3,0.849,3,"c,b,d",42.041
113,6.507,65.813,6.633,2,0.148,3,"c,b,d,a",42.473
902,7.202,65.704,5.765,2,2.351,3,"b,c,d",42.476
710,1.928,65.215,7.946,0,2.125,3,"b,c,a",43.056
999,3.316,75.49,5.501,1,4.22,3,c,43.152
147,5.66,86.872,5.344,1,3.65,3,b,43.684
265,10.574,,9.098,1,9.286,3,"d,a,c,b",43.753
325,1.989,67.951,7.346,2,1.448,3,b,44.543
652,6.856,58.723,3.828,4,4.176,3,"d,a,c",45.005
106,12.505,63.518,3.845,1,4.065,3,a,45.793
928,5.125,63.334,6.938,3,0.859,3,"c,b,a",46.125
482,6.912,80.251,9.355,0,2.055,3,c,46.36
459,5.988,72.768,4.478,2,3.724,3,"b,d,a",46.661
92,6.197,81.842,8.547,0,5.069,3,d,47.552
186,7.949,91.506,7.389,2,1.534,3,d,48.315
273,4.444,64.701,4.687,3,4.196,3,"a,d,b",51.513
369,10.417,80.555,8.033,2,8.036,3,"c,a",52.698
149,9.984,79.402,5.819,3,1.282,3,d,52.944
70,9.938,78.164,5.657,1,4.182,3,"d,b",53.264
721,8.281,77.932,7.441,1,4.629,3,"d,a,c",53.726
598,9.308,81.528,7.13,2,0.143,3,"a,b",54.124
515,9.968,91.766,6.449,2,5.92,3,"d,a,c",54.353
976,5.405,59.843,7.396,2,2.746,3,a,55.162
602,8.547,78.815,5.894,3,2.747,3,b,56.01
606,5.006,79.924,6.672,3,7.532,3,"d,a,c",56.607
777,5.376,74.839,8,3,1.075,3,b,56.698
983,4.758,81.822,7.786,3,1.803,3,b,57.381
16,3.986,70.084,11.912,0,1.791,3,"d,b,c,a",57.42
683,5.234,72.133,5.398,5,0.749,3,"d,b",57.854
973,3.591,69.28,6.418,4,1.012,3,d,58.406
75,8.583,92.312,6.53,2,6.141,3,a,58.415
943,8.305,58.159,12.864,1,0.432,3,"b,c,d,a",58.608
785,8.941,69.738,8.745,2,1.789,3,"b,a,d,c",59.026
378,3.123,,8.619,0,5.243,3,"d,b",59.597
422,1.658,93.502,10.632,2,1.016,3,"d,c,b,a",59.871
304,11.845,67.533,4.814,2,3.496,3,d,60.183
595,6.891,66.096,7.189,3,0.562,3,"d,b,c",61.489
717,5.79,94.689,6.545,3,4.747,3,c,61.66
694,10.027,53.44,7.17,3,0.879,3,"d,b,c",61.716
834,10.076,79.507,6.223,3,1.733,3,"d,a",61.788
319,6.944,68.218,8.417,3,0.7,3,"d,a,b",63.15
699,,84.523,7.622,1,3.969,3,"b,d",63.585
47,0.842,95.522,11.565,2,0.644,3,c,64.675
483,4.458,88.309,8.405,1,4.138,3,"a,c",65.169
12,4.138,81.061,7.035,3,4.637,3,b,65.216
341,5.215,84.746,9.799,1,3.309,3,"b,c,a,d",65.846
611,7.038,65.56,10.467,1,2.812,3,"b,c,a,d",66.237
370,3.102,71.453,8.977,3,1.336,3,"b,d",66.421
202,7.846,74.047,6.89,3,1.837,3,a,66.577
542,11.581,78.808,5.562,3,3.89,3,"c,b",67.215
753,8.404,72.415,9.07,3,1.14,3,"b,a",67.319
590,5.615,60.732,9.418,2,5.873,3,b,67.511
922,1.508,80.389,8.91,2,5.631,3,c,67.547
568,4.652,,6.677,2,3.301,3,"d,b,c",67.548
806,9.524,90.516,6.962,4,0.878,3,"a,c,b",68.347
575,5.802,80.554,10.231,3,7.339,3,"c,d,a,b",68.841
210,5.344,85.826,13.743,1,1.315,3,c,69.38
275,2.778,71.524,10.4,0,3.747,3,"c,b,a",69.606
522,6.386,77.277,7.087,3,4.361,3,"b,d",69.695
789,5.688,76.387,8.818,2,3.351,3,"b,d,a",70.489
509,8.688,66.108,6.187,2,2.174,3,a,70.875
728,8.824,84.948,8.932,2,4.392,3,b,71.477
822,8.578,72.647,6.375,3,3.839,3,"d,b,c,a",72.211
358,5.709,68.354,9.327,0,4.406,3,"c,b",73.35
918,10.513,65.778,6.364,1,3.93,3,d,74.221
760,5.841,67.945,9.566,3,1.948,3,"c,b",76.196
335,10.097,68.791,6.986,1,2.563,3,"d,c",76.502
733,12.646,66.089,7.465,4,1.054,3,"d,c,a",76.855
819,2.398,80.672,9.572,4,0.244,3,"c,d,b",77.122
954,6.567,94.647,9.84,1,4.432,3,b,77.322
235,4.781,67.782,7.859,3,4.892,3,"a,b",77.405
712,8.434,79.573,6.917,5,1.242,3,"d,b,c",79.586
790,9.95,66.649,7.653,3,5.66,3,"d,b",79.727
563,3.371,65.976,10.197,3,1.78,3,d,80.733
17,10.952,,5.957,5,4.217,3,c,80.753
682,7.807,77.101,9.151,3,0.413,3,c,81.269
435,7.352,77.408,7.763,5,0.682,3,d,84.166
969,9.027,78.108,8.749,4,0.741,3,"a,c,b",84.233
908,10.414,63.536,6.836,2,3.339,3,d,85.334
599,6.263,94.207,7.121,5,2.03,3,d,85.985
137,12.859,63.808,10.124,2,2.257,3,"d,b",86.383
143,8.806,67.353,7.458,3,3.746,3,"b,c,a",86.398
874,8.144,98.719,7.374,4,3.284,3,"d,b,c",87.531
178,4.755,66.137,7.264,5,3.545,3,c,90.85
469,3.051,73.963,10.724,3,5.321,3,b,92.289
931,8.614,76.94,9.267,3,5.572,3,"c,b",93.898
813,8.751,74.129,9.946,2,5.238,3,"b,a",94.089
295,7.881,78.475,9.582,4,6.959,3,"a,d",94.332
531,4.801,72.937,12.824,3,1.633,3,"c,b,a",95.261
763,8.61,89.126,10.131,1,4.484,3,c,96.164
510,6.281,78.856,10.208,3,3.191,3,a,96.181
653,4.633,66.997,9.47,3,5.018,3,"b,c",97.062
862,11.591,78.335,8.974,3,3.04,3,"d,c",97.13
767,11.029,,7.047,4,3.069,3,a,99.586
132,10.567,67.19,8.525,4,2.364,3,"c,b,a",99.703
675,8.26,70.157,9.271,4,4.007,3,"d,b,c,a",118.92
85,,55.074,10.41,4,2.638,3,"c,a,b",119.564
730,9.059,76.584,1.03,3,2.935,4,"a,b",11.181
247,7.739,79.376,3.642,3,8.736,4,"b,c,a",22.676
655,6.343,64.023,2.729,2,6.156,4,"b,c,d",23.027
718,7.803,77.634,5.941,1,7.957,4,"c,b,d,a",25.983
557,4.075,74.025,14.352,0,8.409,4,c,26.149
804,6.345,75.232,7.677,0,1.121,4,"c,d,b",29.737
249,10.456,68.223,2.724,2,2.245,4,a,29.995
621,2.045,84.93,12.988,0,6.036,4,a,31.049
19,0.911,71.769,8.139,1,0.452,4,"b,a",33.981
241,4.652,73.47,8.197,0,5.779,4,b,34.771
271,5.049,81.011,10.162,0,0.651,4,"c,d",35.808
873,6.197,73.607,11.989,0,6.682,4,"b,c,d",37.989
421,5.204,72.732,7.659,1,0.982,4,"c,b,d,a",38.149
726,10.031,79.65,4.407,3,0.931,4,"d,b,c",39.464
148,4.64,80.025,9.717,0,7.84,4,"c,b",43.792
142,9.817,,3.546,3,3.146,4,"d,c",47.086
450,8.516,81.663,12.536,0,1.963,4,c,47.547
988,8.136,62.605,14.734,0,0.649,4,"d,b,c",50.001
299,2.565,64.719,9.057,1,6.524,4,"a,d,b,c",50.347
52,2.562,71.158,8.002,0,3.577,4,c,51.531
579,3.958,89.84,6.59,1,3.904,4,c,52.247
457,1.238,77.231,11.888,1,1.106,4,"c,a",54.315
671,4.491,81.541,9.751,1,2.038,4,a,54.328
138,7.838,62.908,10.336,0,2.432,4,"b,c",54.777
95,7.285,73.5,11.715,0,5.119,4,"c,b",55.321
223,8.309,72.646,9.109,1,2.339,4,c,56.3
380,10.085,65.964,6.976,3,0.552,4,"d,c",57.012
809,6.585,83.134,4.805,3,4.434,4,"d,a",57.542
401,4.514,72.468,13.076,0,4.061,4,"a,c,b",58.09
71,3.67,80.157,9.668,2,1.315,4,c,58.616
975,5.776,89.597,11.709,1,0.173,4,"d,b,a,c",58.709
741,9.405,63.739,5.573,3,0.57,4,"d,c",58.821
276,3.621,61.548,7.938,4,0.172,4,"c,b",65.901
774,4.637,,8.554,3,1.877,4,b,68.018
581,4.923,90.242,7.524,4,0.164,4,"a,c,b,d",68.295
458,4.235,83.066,9.535,2,2.61,4,"c,b,d",68.872
467,6.501,71.291,7.327,3,4.45,4,"c,b,d,a",68.952
605,6.084,70.801,10.207,1,3.103,4,c,69.49
866,,74.62,11.41,1,1.997,4,"b,a,d",70.897
158,4.58,81.187,12.782,0,1.365,4,b,71.319
948,6.201,82.418,11.87,0,6.174,4,c,72.788
468,6.329,79.983,11.535,1,2.959,4,"d,b",74.227
55,7.613,87.068,8.498,4,8.212,4,"c,b",74.705
464,12.254,69.971,10.755,3,9.096,4,b,75.168
289,3.331,84.419,11.892,1,5.264,4,b,75.72
946,2.474,89.715,11.206,0,3.892,4,"d,c,b,a",77.394
945,6.17,72.08,13.553,2,7.328,4,"a,d",78.59
150,4.827,79.656,9.529,2,3.884,4,b,81.845
56,5.479,78.553,8.052,4,5.881,4,"b,a,d",82.265
478,5.717,91.267,10.587,2,2.957,4,b,83.059
431,8.148,68.797,11.893,3,0.05,4,"d,c",83.083
20,6.082,,8.291,3,2.84,4,"d,c,a",83.271
648,10.953,65.541,7.678,2,2.265,4,a,83.392
245,6.571,86.759,14.129,1,3.02,4,"b,c,d,a",84.101
878,6.837,69.123,12.329,2,0.035,4,b,84.743
465,1.964,67.294,10.096,2,2.924,4,b,84.766
860,2.791,58.12,11.859,2,5.264,4,"d,a,b",85.509
101,8.085,87.863,6.808,4,4.187,4,d,86.371
664,10.646,60.096,9.135,1,1.328,4,d,86.761
310,6.467,67.394,7.946,5,0.945,4,"d,b,a,c",86.852
266,1.713,65.983,11.689,0,4.839,4,"c,b,d,a",88.559
94,9.499,94.025,11.47,1,6.606,4,a,89.654
706,10.898,58.176,8.815,2,2.817,4,"c,d,b",89.722
124,6.804,73.982,9.203,3,6.245,4,"c,b,a",90.422
626,6.791,82.768,11.225,1,3.315,4,c,91.241
363,5.749,83.148,10.161,3,2.131,4,"b,a,c",91.885
532,4.179,95.403,10.354,1,4.045,4,"b,c",92.065
845,3.678,67.052,9.848,4,1.673,4,"c,a",92.168
495,3.929,65.443,8.945,4,2.208,4,"d,b,a",92.784
690,4.134,53.788,11.088,3,5.627,4,"b,d,c,a",92.88
500,8.285,80.827,9.397,3,6.272,4,d,93.102
53,3.946,,12.401,1,3.874,4,"c,b",94.638
827,5.965,70.131,10.941,3,5.148,4,b,97.313
24,8.759,83.758,11.988,3,2.442,4,c,98.518
477,6.891,67.972,7.925,4,3.535,4,"d,b,c,a",99.159
449,,64.314,10.825,4,0.387,4,"a,d,c,b",99.58
257,5.34,66.956,9.973,2,3.302,4,c,99.643
784,8.313,81.418,10.259,4,0.821,4,c,100.985
331,9.006,65.802,10.086,4,1.021,4,b,102.107
42,10.453,67.036,9.523,4,6.182,4,"c,d",102.207
385,10.118,75.806,9.465,3,3.025,4,"d,c,a",103.327
910,9.391,76.308,11.022,4,0.534,4,"a,d",103.719
160,7.825,82.279,10.899,3,1.988,4,"c,b,d",105.835
337,10.513,66.13,10.172,2,1.825,4,a,106.113
66,8.957,67.483,11.17,3,5.473,4,"b,d",110.115
63,6.902,72.802,12.447,0,4.928,4,"c,b,a",110.495
291,11.177,90.736,10.521,4,1.869,4,d,112.31
172,2.76,67.572,12.161,3,3.272,4,c,113.477
829,6.294,58.319,11.979,3,4.836,4,"c,d,a",114.561
646,8.183,81.743,11.287,3,2.636,4,"c,d",116.495
228,11.592,82.158,10.848,3,3.127,4,"a,b,c",118.968
311,6.497,70.258,8.89,5,3.822,4,"a,b",123.868
972,,77.818,14.866,3,2.279,4,b,124.257
985,5.388,65.295,9.089,5,3.622,4,"c,d,b,a",124.617
492,0.713,77.55,12.957,0,4.042,4,"b,c,a,d",125.129
419,1.15,,15.487,3,2.111,4,b,125.578
750,4.918,77.499,13.615,3,3.531,4,b,130.695
541,8.041,68.735,12.607,4,6.105,4,"c,a,b",131.49
434,13.832,85.961,11.295,4,3.091,4,"a,d,c,b",140.702
571,4.738,83.457,12.809,3,3.286,4,b,143.218
738,10.045,64.902,12.834,2,4.183,4,c,143.939
680,9.861,87.445,14.104,4,6.58,4,d,148.845
9,4.321,79.671,6.818,0,1.255,5,"b,d",11.65
11,2.125,79.798,7.277,0,3.897,5,"a,b,c",26.292
618,3.75,61.025,7.888,0,1.802,5,c,27.792
462,11.299,59.711,4.549,3,7.008,5,"c,b,a",27.888
302,8.948,74.832,3.231,5,3.569,5,c,28.74
740,6.565,76.479,5.49,4,0.234,5,"d,b,c",30.391
251,2.924,65.876,9.194,0,1.964,5,c,30.514
7,3.62,80.43,9.473,0,3.533,5,"b,a,c",32.752
30,1.833,76.075,8.355,0,2.268,5,c,34.281
955,,70.54,5.017,3,4.605,5,"d,b,c",35.066
407,4.46,57.234,9.037,0,4.901,5,"b,c,d,a",35.184
471,3.362,73.735,7.271,2,2.544,5,d,35.294
832,4.575,69.758,8.998,1,1.746,5,"c,a",35.795
956,5.695,71.963,9.805,2,0.756,5,"c,b,a,d",36.009
624,5.648,81.948,8.877,1,1.988,5,"c,d,b,a",36.733
959,5.792,88.833,15.967,0,1.192,5,c,36.875
34,4.724,80.633,11.261,2,0.071,5,b,37.456
446,10.813,61.306,4.299,4,6.084,5,a,37.665
925,3.854,70.575,14.158,1,8.358,5,"b,d,a,c",39.093
130,5.64,64.685,5.358,4,4.863,5,c,39.16
43,6.4,89.034,11.265,0,5.921,5,"a,b,d",39.543
430,5.548,,8.752,0,3.603,5,b,40.052
781,3.148,85.464,10.939,1,1.263,5,"a,b,c",41.022
516,1.819,59.082,9.412,2,6.584,5,"b,a",41.463
90,6.75,74.193,12.912,1,7.336,5,"a,c",41.935
339,8.344,70.526,7.986,2,4.745,5,"a,d,b",42.269
894,,50.236,11.924,0,6.359,5,"b,c",42.604
677,4.194,75.211,11.573,1,2.054,5,"b,d",44.511
305,6.396,74.262,9.565,1,2.641,5,"b,c,d",44.64
709,8.34,73.689,6.586,4,6.983,5,d,44.698
371,5.404,81.652,10.223,1,4.825,5,"b,d,a,c",45.064
663,4.935,66.508,6.959,5,1.16,5,"d,a,c",46.902
174,9.564,67.879,7.52,5,8.433,5,"d,b,c",47.321
676,8.682,74.681,6.98,4,1.28,5,a,47.558
384,4.599,68.834,7.091,5,6.633,5,a,48.509
514,5.056,65.479,10.949,0,4.053,5,"d,b",50.405
349,10.824,58.814,5.262,4,3.389,5,d,50.617
685,7.133,92.965,7.069,4,5.503,5,d,54.473
659,8.731,78.227,8.521,3,1.606,5,d,54.829
745,8.855,66.946,7.332,2,4.884,5,"c,a",58.585
600,8.532,75.624,9.439,3,5.048,5,"b,d",59.837
396,5.697,75.336,7.988,5,6.519,5,a,62.337
645,4.014,,9.275,4,6.067,5,"d,b,c,a",62.577
879,10.281,73.059,6.541,4,4.557,5,d,63.416
498,8.356,66.114,9.218,2,4.412,5,"d,b,c,a",63.537
892,10.26,66.09,8.717,2,2.279,5,"d,b",64.509
197,5.159,68.41,9.938,3,5.421,5,c,64.586
21,4.554,76.234,11.369,2,5.019,5,b,65.677
145,6.208,64.927,11.962,3,0.98,5,b,65.725
555,6.833,75.587,12.893,2,5.742,5,"c,a",67.094
837,4.842,77.512,13.018,3,2.423,5,"c,a",70.625
161,6.399,63.76,15.089,0,3.36,5,"c,b",73.614
183,3.349,80.288,11.645,3,3.569,5,"b,d,c",74.955
992,4.747,78.661,11.705,2,3.337,5,"c,b,d,a",75.17
799,10.52,63.619,9.679,4,3.156,5,"a,b,c,d",77.236
23,11.606,92.302,13.445,3,6.657,5,"c,b,a,d",85.12
530,12.572,79.106,11.819,5,1.337,5,a,89.488
720,5.182,56.204,0.884,4,4.079,6,"c,d",7.212
81,,87.825,9.867,0,0.494,6,"c,a,b",13.183
755,4.307,73.367,5.294,0,1.336,6,"c,a,b,d",14.359
982,0.874,70.592,7.457,0,6.273,6,"c,b,d,a",16.276
554,7.895,76.59,4.085,3,0.564,6,"c,a,b",18.291
622,8.542,63.907,3.108,2,6.006,6,d,18.398
116,7.429,69.749,10.497,0,1.728,6,"c,b",19.15
398,4.024,,12.166,0,5.967,6,"b,d",19.758
520,5.737,77.583,2.707,5,2.014,6,"a,d,b,c",20.128
300,6.908,80.915,4.715,1,5.639,6,"d,b,c",20.482
759,4.921,93.947,9.006,1,0.34,6,"c,b,a,d",21.547
803,13.337,71.816,3.115,3,3.119,6,c,22.435
68,4.263,83.991,5.781,1,2.027,6,"b,d,a",22.527
100,7.817,85.297,10.331,0,7.551,6,"d,b,c,a",23.495
346,6.373,67.61,5.75,3,0.616,6,b,23.693
851,9.788,63.741,3.018,2,5.344,6,a,23.874
779,5.927,81.482,7.432,0,0.781,6,d,24.274
915,,69.36,5.629,2,0.782,6,"b,d,a",24.375
587,5.73,68.306,10.161,0,0.965,6,a,25.241
691,4.014,78.605,7.627,1,1.049,6,"c,a,b",26.96
553,7.596,68.127,10.846,0,1.02,6,"b,c",27.002
539,6.819,75.707,10.527,0,5.855,6,b,29.191
843,9.044,70.653,5.782,2,0.257,6,"d,b",29.646
0,0.072,80.179,9.414,0,2.231,6,"c,b",29.878
83,3.135,55.494,9.635,1,1.004,6,"c,a,b",29.895
80,2.525,69.814,9.498,0,0.314,6,"d,b",29.959
762,5.629,65.039,7.221,0,4.367,6,a,30.133
255,6.389,78.913,6.911,0,2.819,6,"c,a,b",30.194
752,6.228,75.696,5.065,2,4.895,6,b,31.021
472,1.598,55.655,8.9,2,0.775,6,"b,c",31.143
448,5.314,86.261,6.561,1,3.45,6,"c,b",31.992
548,3.402,69.202,10.832,0,6.005,6,"b,c",32.116
332,9.716,68.383,3.98,1,4.343,6,d,32.355
639,10.066,64.12,4.252,2,3.144,6,a,33.606
27,,,11.008,0,0.661,6,b,33.722
540,6.372,72.873,9.036,0,5.085,6,c,33.832
61,6.509,87.019,8.775,1,6.48,6,a,34.607
497,1.219,88.294,6.957,3,1.555,6,"a,b",34.811
439,6.657,68.719,6.339,3,0.881,6,"c,a,b,d",34.834
129,4.835,75.773,10.219,0,1.66,6,"b,d,c,a",34.847
970,9.721,71.279,8.951,1,1.009,6,c,34.892
503,3.89,68.096,8.054,1,6.245,6,"c,a",35.143
481,4.043,75.81,12.354,0,2.198,6,"d,c",35.524
240,4.539,77.343,10.655,0,4.459,6,"c,a,d",35.683
550,1.963,72.115,9.564,2,6.931,6,d,35.764
119,6.039,83.635,8.6,2,1.169,6,b,35.889
218,2.47,85.029,9.148,1,2.274,6,"b,d,a",36.176
636,8.919,78.254,7.259,1,3.535,6,b,36.475
551,5.54,69.833,6.045,4,0.056,6,"a,c",36.684
395,9.783,58.898,7.452,1,6.134,6,"d,a,c",36.829
582,9.555,66.702,6.236,2,6.15,6,"a,c,b",37.121
953,6.549,89.688,12.268,0,5.372,6,d,37.299
838,9.365,75.097,9.633,0,3.267,6,"b,a,d,c",37.306
125,2.291,68.649,13.835,0,5.443,6,"d,a,b",37.918
252,4.151,84.557,6.275,2,3.82,6,"c,b",38.016
524,5.415,80.406,8.66,2,0.565,6,"d,a,b,c",39.515
470,4.857,81.519,8.655,0,3.35,6,"b,c,a",39.599
549,7.839,78.049,10.985,1,1.097,6,"b,a",39.72
306,6.469,77.162,10.21,0,3.112,6,"b,c",40.285
673,9.82,91.879,8.123,1,6.621,6,a,40.446
496,3.986,,11.082,3,8.006,6,c,40.712
120,6.461,67.518,12.556,0,2.849,6,b,41.433
577,12.139,66.041,5.717,1,3.457,6,"a,c",41.574
667,3.374,52.066,7.99,1,4.174,6,c,41.821
994,8.609,77.59,12.736,0,2.235,6,"b,d",41.834
318,2.804,69.645,10.658,0,2.195,6,"c,b,a",41.876
180,7.436,64.462,14.857,0,6.732,6,"b,c",42.296
427,10.361,62.63,5.656,3,0.903,6,a,42.423
820,6.363,70.847,6.607,4,0.954,6,c,42.664
935,7.014,70.758,9.716,0,3.694,6,"c,b",42.683
610,5.299,82.207,8.923,2,1.862,6,"b,c,d",43.412
723,3.895,63.483,7.696,4,7.281,6,"c,b,d",43.779
87,7.204,66.625,5.537,4,5.456,6,d,43.873
616,12.282,78.947,7.583,1,2.964,6,"c,b,d",44.242
899,5.929,67.5,6.084,5,1.92,6,"c,a",44.399
689,,74.854,5.133,5,3.335,6,"a,c,d",45.451
989,7.85,90.778,8.592,3,0.187,6,"b,d,c,a",45.643
72,8.123,73.801,7.683,3,1.203,6,b,45.661
279,6.09,58.082,12.101,0,5.76,6,"b,d",47.326
170,2.304,59.457,8.818,0,4.139,6,d,47.411
889,9.502,80.697,7.566,3,1.191,6,"d,b,a,c",47.525
409,3.605,62.191,10.178,1,3.066,6,"b,d",47.608
591,9.644,84.473,5.743,4,3.293,6,b,47.633
196,11.197,76.001,6.575,4,1.976,6,"c,d,b,a",47.65
687,7.821,,8.202,2,6.384,6,"d,a",47.694
79,7.485,73.492,8.908,2,2.919,6,"b,d,c",47.85
214,6.871,72.698,12.304,1,2.242,6,"b,c",48.278
748,3.739,66.871,6.984,4,1.487,6,"d,b",48.397
274,9.711,61.198,6.249,3,1.619,6,a,48.438
200,1.564,85.594,10.893,0,4.899,6,"c,b,d,a",48.827
701,5.571,93.209,6.23,4,2.406,6,d,48.861
326,4.71,62.553,12.489,0,2.928,6,"b,c,a,d",49.103
123,7.261,76.547,12.192,2,0.775,6,"c,b",49.389
802,4.969,68.191,7.066,4,2.259,6,"d,c,a,b",49.467
861,7.893,69.592,7.364,5,0.333,6,"c,b",49.527
4,2.617,87.658,9.706,1,2.91,6,c,49.768
244,3.683,73.731,7.175,4,2.385,6,b,50.185
546,4.512,55.095,9.394,0,3.612,6,c,50.416
222,8.093,83.305,8.624,1,2.283,6,"a,b,c",50.54
15,11.022,81.74,8.06,3,1.295,6,a,50.919
192,10.135,55.212,7.167,3,5.139,6,"a,d",51.148
637,8.786,72.598,6.939,4,2.333,6,"b,d,a",51.203
14,7.037,49.475,7.992,5,0.66,6,"d,b,c,a",51.562
567,10.692,66.474,7.459,2,1.872,6,c,51.772
875,3.182,86.487,9.488,1,3.669,6,"b,a,c,d",51.806
507,5.171,70.401,15.508,0,1.706,6,"d,b",51.948
328,8.195,47.922,8.092,4,6.179,6,"d,b,c,a",51.967
926,5.415,69.707,11.838,3,0.904,6,b,52.47
868,3.544,56.754,14.661,1,6.359,6,c,52.728
670,6.64,89.257,10.971,2,6.253,6,"a,d",52.865
679,7.619,81.555,8.218,3,6.144,6,"d,c",52.971
402,3.989,,11.787,0,2.922,6,"d,c,a",53.008
74,3.883,73.481,6.384,5,3.58,6,"b,c,d",53.113
1,5.413,58.359,9.681,2,1.81,6,"c,b",53.416
394,,81.337,10.674,1,3.746,6,"c,a",53.778
556,7.81,85.841,11.606,0,3.691,6,b,54.161
547,10.089,59.263,8.542,3,6.387,6,c,54.497
734,8.156,70.899,9.563,1,3.638,6,"d,a,c",55.093
929,5.703,75.593,11.754,1,2.416,6,c,55.356
225,13.101,92.968,6.821,4,4.963,6,"d,a",55.365
323,9.851,64.053,9.411,2,0.252,6,a,55.511
391,1.747,60.581,12.417,0,3.113,6,"c,b",55.899
41,4.63,81.321,8.887,2,4.783,6,"c,a,d,b",56.546
98,3.811,71.13,8.108,3,3.83,6,"c,a,d",56.575
700,11.2,74.569,7.755,2,3.734,6,d,56.898
647,4.964,66.685,11.985,1,3.03,6,"b,c,a,d",57.708
390,9.226,81.843,7.198,4,4.119,6,"b,c",57.729
284,4.704,62.911,13.551,1,5.804,6,b,58.51
269,4.67,85.214,10.82,2,2.849,6,"b,d",59.254
576,8.513,78.914,9.344,3,3.414,6,"b,c",59.308
110,4.778,76.886,11.852,3,1.716,6,"c,a,d,b",60.004
408,8.499,70.584,10.61,1,3.12,6,a,60.29
54,7.075,89.104,10.577,2,1.619,6,"a,c,d",60.381
296,5.532,65.965,14.026,0,3.863,6,"c,d",60.395
473,4.395,,12.64,0,4.26,6,"d,c,b",61.114
739,11.185,58.887,8.487,5,6.961,6,"d,b",61.403
833,10.821,67.255,7.737,1,3.266,6,a,61.919
389,2.41,74.724,12.575,1,2.91,6,b,62.334
661,10.018,79.203,10.281,4,0.353,6,"a,b",62.423
971,8.222,88.666,9.351,3,1.693,6,"d,c,a",62.678
485,10.91,62.531,10.959,1,5.123,6,"d,c",63.027
201,7.453,88.125,13.323,1,5.385,6,"d,b,a",63.587
253,9.541,82.536,7.581,4,4.003,6,b,63.722
823,7.419,77.465,10.269,4,0.568,6,c,63.981
340,9.618,81.09,9.388,2,4,6,b,64.56
111,7.265,73.711,8.505,5,6.365,6,"c,a,b",64.702
666,7.854,75.75,10.372,3,2.231,6,"d,b,c",64.733
776,5.053,76.131,11.285,2,4.306,6,"b,d",65.078
895,4.328,64.76,13.572,1,5.439,6,"a,c",65.086
949,11.323,61.639,9.978,3,6.3,6,"d,a",65.218
451,8.572,62.602,8.284,3,2.697,6,d,67.072
410,4.915,59.219,11.242,3,5.182,6,"c,b",67.507
858,9.683,86.771,8.693,3,3.887,6,"d,c",68.296
78,11.177,66.415,9.849,4,1.053,6,"c,a",68.348
84,5.385,84.677,8.683,4,3.262,6,"b,c,a",68.505
330,9.765,64.058,8.884,3,4.704,6,"d,b,c",68.832
32,6.534,85.997,8.271,5,4.994,6,"d,a,c",69.548
608,10.081,74.374,9.029,4,2.763,6,"b,a",69.625
681,4.209,80.408,13.914,2,5.696,6,b,70.167
258,6.666,73.315,9.194,4,5.495,6,"d,c,a",70.3
416,3.847,,9.431,5,5.68,6,"d,c",70.537
91,4.041,59.622,15.457,1,2.506,6,"b,a,c",71.315
794,3.884,74.296,16.32,0,5.906,6,"c,a,d,b",71.383
869,9.058,63.06,8.262,3,3.052,6,d,71.589
374,4.458,75.542,12.296,1,4.071,6,a,71.994
194,,65.203,8.992,1,4.234,6,a,72.087
126,7.718,85.706,10.41,2,3.403,6,"c,b,a",72.733
59,9.532,67.47,12.046,3,1.217,6,"b,c,d",74.108
742,6.055,80.986,10.94,3,5.402,6,d,74.108
376,6.194,61.334,10.106,5,1.789,6,"b,d,c",74.672
854,5.341,66.236,10.014,5,5.822,6,"c,b,d",74.834
697,10.975,64.604,11.153,3,1.965,6,"b,d,a",75.379
135,1.741,84.067,15.39,2,2.79,6,"c,a,d",75.536
807,7.352,72.373,12.173,3,6.412,6,"a,c,b",76.708
316,6.552,67.571,13.569,2,1.107,6,"d,b",77.14
356,5.369,76.401,18.311,1,2.91,6,c,77.373
533,5.568,63.548,9.954,3,4.059,6,"b,c",77.402
787,8.371,75.371,11.728,2,4.903,6,"c,d,a,b",78.37
365,7.474,64.072,10.29,5,2.869,6,"b,c,a,d",79.934
254,10.86,66.16,9.989,4,3.107,6,"b,d,c,a",81.418
864,,,16.409,2,2.543,6,c,83.831
48,9.241,77.859,12.67,4,1.222,6,"b,c",85.003
455,2.757,74.451,14.813,3,2.76,6,"b,d,c",85.155
668,9.339,74.686,10.233,4,4.04,6,"d,c",86.466
768,7.06,80.748,12.375,4,6.626,6,"d,b",86.596
722,8.912,67.004,12.736,3,2.113,6,"a,d,b",87.235
57,6.187,89.391,10.434,4,4.346,6,a,88.671
731,11.2,78.38,10.418,5,4.925,6,d,90.695
187,12.797,81.108,10.306,5,3.78,6,"c,d",92.937
60,3.512,77.724,16.169,2,4.47,6,"b,c",93.522
744,11.511,66.432,12.033,3,1.898,6,a,93.824
67,,81.414,12.129,3,3.661,6,"a,b",94.051
535,7.526,67.637,13.208,3,3.086,6,"a,c",96.448
352,7.627,74.674,11.326,4,4.271,6,"b,d,a,c",97.504
454,9.524,73.999,11.618,5,2.574,6,b,98.047
614,6.379,94.132,11.571,5,2.891,6,"c,b",98.673
490,6.98,82.727,11.264,5,3.5,6,"d,c,b",101.09
392,,58.218,11.859,4,4.005,6,"c,b,a",103.673
773,10.07,67.905,11.567,4,2.339,6,a,104.343
104,7.679,,13.489,5,1.974,6,a,106.421
